Week | Date | Time | Action
41 | 09-10-2017 | 12:55:15 PM |
41 | 09-10-2017 | 12:55:16 PM |
41 | 09-10-2017 | 03:07:40 PM | Vuex
41 | 09-10-2017 | 06:20:52 PM | Django
41 | 09-10-2017 | 08:02:28 PM | Django
41 | 10-10-2017 | 10:35:31 AM | Javascript
41 | 10-10-2017 | 11:48:43 AM | Android
41 | 10-10-2017 | 12:06:56 PM | Bash
41 | 10-10-2017 | 02:45:00 PM | Android
41 | 10-10-2017 | 03:50:19 PM | Django
41 | 10-10-2017 | 06:39:27 PM | NativeScript
41 | 11-10-2017 | 09:01:04 PM | Svelte
41 | 11-10-2017 | 09:01:04 PM | Svelte
41 | 11-10-2017 | 09:01:04 PM | Svelte
41 | 11-10-2017 | 09:01:04 PM | Svelte
41 | 11-10-2017 | 09:01:05 PM | Svelte
41 | 11-10-2017 | 09:01:06 PM | Svelte
41 | 11-10-2017 | 09:01:06 PM | Svelte
41 | 12-10-2017 | 09:50:11 PM | Svelte
41 | 12-10-2017 | 09:50:15 PM | Svelte
41 | 12-10-2017 | 09:50:15 PM | Svelte
41 | 12-10-2017 | 09:50:16 PM | Svelte
41 | 12-10-2017 | 09:50:17 PM | Svelte
41 | 12-10-2017 | 09:50:18 PM | Svelte
41 | 12-10-2017 | 09:50:18 PM | Svelte
41 | 12-10-2017 | 09:50:19 PM | Svelte
41 | 12-10-2017 | 09:50:20 PM | Svelte
41 | 12-10-2017 | 09:50:21 PM | Svelte
41 | 12-10-2017 | 09:50:22 PM | Svelte
41 | 14-10-2017 | 12:07:25 AM | Svelte
41 | 14-10-2017 | 12:07:26 AM | Svelte
41 | 14-10-2017 | 12:07:27 AM | Svelte
41 | 14-10-2017 | 12:07:27 AM | Svelte
41 | 14-10-2017 | 12:07:28 AM | Svelte
41 | 14-10-2017 | 12:07:30 AM | Learn Bus
41 | 14-10-2017 | 12:07:32 AM |
41 | 14-10-2017 | 12:07:33 AM |
41 | 14-10-2017 | 12:07:52 AM |
41 | 14-10-2017 | 12:07:53 AM |
41 | 14-10-2017 | 12:07:54 AM |
41 | 14-10-2017 | 11:16:44 AM | Mysql
41 | 14-10-2017 | 12:18:19 PM | Mysql
41 | 14-10-2017 | 02:40:06 PM | Python
41 | 14-10-2017 | 02:40:23 PM | Python
41 | 14-10-2017 | 04:36:48 PM | Node
41 | 14-10-2017 | 05:27:50 PM | Pug
41 | 15-10-2017 | 01:32:56 PM | Node
41 | 15-10-2017 | 01:32:56 PM | Node
41 | 15-10-2017 | 01:32:56 PM | Node
41 | 15-10-2017 | 02:54:26 PM | Node
42 | 16-10-2017 | 08:23:36 PM | Svelte
42 | 16-10-2017 | 08:23:37 PM | Svelte
42 | 16-10-2017 | 08:23:37 PM | Svelte
42 | 16-10-2017 | 08:23:40 PM | Svelte
42 | 16-10-2017 | 08:23:41 PM | Svelte
42 | 16-10-2017 | 08:23:41 PM | Svelte
42 | 16-10-2017 | 08:23:42 PM | Svelte
42 | 16-10-2017 | 08:23:43 PM | Svelte
42 | 16-10-2017 | 08:23:44 PM | Svelte
42 | 16-10-2017 | 09:18:03 PM | CSS
42 | 18-10-2017 | 08:55:45 PM | Svelte
42 | 18-10-2017 | 08:55:45 PM | Svelte
42 | 18-10-2017 | 08:55:47 PM | Svelte
42 | 18-10-2017 | 08:55:47 PM | Svelte
42 | 18-10-2017 | 08:55:48 PM | Svelte
42 | 18-10-2017 | 08:55:49 PM | Svelte
42 | 18-10-2017 | 08:55:50 PM | Svelte
42 | 18-10-2017 | 08:55:50 PM | Svelte
42 | 20-10-2017 | 01:43:47 AM | Svelte
42 | 20-10-2017 | 01:43:47 AM | Svelte
42 | 20-10-2017 | 01:43:52 AM | Svelte
42 | 20-10-2017 | 01:43:52 AM | Svelte
42 | 20-10-2017 | 01:43:56 AM | Svelte
42 | 20-10-2017 | 01:43:56 AM | Svelte
42 | 20-10-2017 | 01:43:57 AM | Svelte
42 | 20-10-2017 | 01:43:57 AM | Svelte
42 | 20-10-2017 | 01:44:03 AM | Svelte
42 | 20-10-2017 | 01:44:03 AM | Svelte
42 | 20-10-2017 | 11:45:07 PM | Svelte
42 | 20-10-2017 | 11:45:07 PM | Svelte
42 | 20-10-2017 | 11:45:08 PM | Svelte
42 | 20-10-2017 | 11:45:08 PM | Svelte
42 | 20-10-2017 | 11:45:09 PM | Svelte
42 | 20-10-2017 | 11:45:09 PM | Svelte
42 | 20-10-2017 | 11:45:11 PM | Svelte
42 | 20-10-2017 | 11:45:11 PM | Svelte
42 | 20-10-2017 | 11:45:24 PM | Svelte
42 | 22-10-2017 | 01:43:31 PM | CSS
42 | 22-10-2017 | 01:43:31 PM |
42 | 22-10-2017 | 01:43:32 PM | Svelte
43 | 23-10-2017 | 09:53:18 PM | Svelte
43 | 23-10-2017 | 09:53:19 PM | Svelte
43 | 23-10-2017 | 09:53:20 PM | Svelte
43 | 23-10-2017 | 09:53:20 PM | Svelte
43 | 23-10-2017 | 09:53:21 PM | Svelte
43 | 23-10-2017 | 09:53:22 PM | Svelte
43 | 23-10-2017 | 09:53:23 PM | Svelte
43 | 23-10-2017 | 09:53:24 PM | Svelte
43 | 23-10-2017 | 09:53:51 PM | Svelte
43 | 25-10-2017 | 09:53:35 PM | Svelte
43 | 25-10-2017 | 09:53:37 PM | Svelte
43 | 25-10-2017 | 09:53:37 PM | Svelte
43 | 25-10-2017 | 09:53:38 PM | Svelte
43 | 25-10-2017 | 09:53:39 PM | Svelte
43 | 25-10-2017 | 09:53:39 PM | Svelte
43 | 25-10-2017 | 09:53:40 PM | Svelte
43 | 25-10-2017 | 09:53:41 PM | Svelte
43 | 25-10-2017 | 09:53:41 PM | Svelte
43 | 26-10-2017 | 09:43:18 PM | Svelte
43 | 26-10-2017 | 09:43:19 PM | Svelte
43 | 26-10-2017 | 09:43:20 PM | Svelte
43 | 26-10-2017 | 09:43:21 PM | Svelte
43 | 26-10-2017 | 09:43:21 PM | Svelte
43 | 26-10-2017 | 09:43:22 PM | Svelte
43 | 26-10-2017 | 09:43:23 PM | Svelte
43 | 26-10-2017 | 09:43:23 PM | Svelte
43 | 26-10-2017 | 09:43:28 PM | Svelte
43 | 28-10-2017 | 02:20:41 PM |
43 | 28-10-2017 | 02:20:41 PM |
43 | 28-10-2017 | 02:20:41 PM |
43 | 28-10-2017 | 02:20:43 PM |
43 | 28-10-2017 | 02:20:44 PM |
43 | 28-10-2017 | 02:20:44 PM |
43 | 28-10-2017 | 02:20:44 PM |
43 | 28-10-2017 | 02:20:45 PM |
43 | 28-10-2017 | 02:20:54 PM |
43 | 28-10-2017 | 03:35:59 PM |
43 | 29-10-2017 | 09:36:55 PM |
43 | 29-10-2017 | 09:36:56 PM |
43 | 29-10-2017 | 09:36:59 PM |
43 | 29-10-2017 | 09:36:59 PM |
43 | 29-10-2017 | 09:37:02 PM |
43 | 29-10-2017 | 09:37:03 PM | Keras
44 | 31-10-2017 | 08:04:29 PM | Svelte
44 | 31-10-2017 | 08:04:30 PM | Svelte
44 | 31-10-2017 | 08:04:30 PM | Svelte
44 | 31-10-2017 | 08:04:31 PM | Svelte
44 | 31-10-2017 | 08:04:33 PM | Svelte
44 | 31-10-2017 | 08:04:33 PM | Svelte
44 | 31-10-2017 | 08:04:34 PM | Svelte
44 | 31-10-2017 | 08:04:35 PM | Svelte
44 | 31-10-2017 | 08:04:36 PM | Svelte
44 | 31-10-2017 | 08:04:39 PM | Svelte
44 | 31-10-2017 | 08:04:39 PM | Svelte
44 | 31-10-2017 | 08:04:39 PM | Svelte
44 | 31-10-2017 | 08:04:41 PM | Svelte
44 | 31-10-2017 | 08:04:42 PM | Svelte
44 | 31-10-2017 | 08:04:42 PM | Svelte
44 | 31-10-2017 | 08:04:43 PM | Svelte
44 | 31-10-2017 | 08:04:44 PM | Svelte
44 | 02-11-2017 | 08:10:26 PM | Svelte
44 | 02-11-2017 | 08:10:26 PM | Svelte
44 | 02-11-2017 | 08:10:27 PM | Svelte
44 | 02-11-2017 | 08:10:27 PM | Svelte
44 | 02-11-2017 | 08:10:28 PM | Svelte
44 | 02-11-2017 | 08:10:28 PM | Svelte
44 | 02-11-2017 | 08:10:29 PM | Svelte
44 | 02-11-2017 | 08:10:29 PM | Svelte
44 | 02-11-2017 | 08:10:30 PM | Svelte
44 | 02-11-2017 | 08:10:32 PM | Svelte
44 | 02-11-2017 | 08:10:33 PM | Svelte
44 | 02-11-2017 | 08:10:34 PM | Svelte
44 | 02-11-2017 | 08:10:34 PM | Svelte
44 | 02-11-2017 | 08:10:34 PM | Svelte
44 | 02-11-2017 | 08:10:35 PM | Svelte
44 | 02-11-2017 | 08:10:35 PM | Svelte
44 | 02-11-2017 | 08:10:35 PM | Svelte
44 | 02-11-2017 | 08:10:36 PM | Svelte
44 | 04-11-2017 | 11:49:36 AM | Svelte
44 | 04-11-2017 | 11:49:36 AM | Svelte
44 | 04-11-2017 | 11:49:37 AM | Svelte
44 | 04-11-2017 | 11:49:37 AM | Svelte
44 | 04-11-2017 | 11:49:37 AM | Svelte
44 | 04-11-2017 | 11:49:37 AM | Svelte
44 | 04-11-2017 | 11:49:37 AM | Svelte
44 | 04-11-2017 | 11:49:40 AM | Svelte
44 | 04-11-2017 | 11:49:46 AM | javascript
45 | 08-11-2017 | 08:54:34 PM | Svelte
45 | 08-11-2017 | 08:54:34 PM | Svelte
45 | 08-11-2017 | 08:54:34 PM | Svelte
45 | 08-11-2017 | 08:54:34 PM | Svelte
45 | 08-11-2017 | 08:54:35 PM | Svelte
45 | 08-11-2017 | 08:54:35 PM | Svelte
45 | 08-11-2017 | 08:54:35 PM | Svelte
45 | 08-11-2017 | 08:54:35 PM | Svelte
45 | 08-11-2017 | 08:54:36 PM | Svelte
45 | 08-11-2017 | 08:54:36 PM | Svelte
45 | 08-11-2017 | 08:54:36 PM | Svelte
45 | 08-11-2017 | 08:54:36 PM | Svelte
45 | 08-11-2017 | 08:54:36 PM | Svelte
45 | 08-11-2017 | 08:54:37 PM | Svelte
45 | 08-11-2017 | 08:54:37 PM | Svelte
45 | 08-11-2017 | 08:54:37 PM | Svelte
45 | 08-11-2017 | 08:54:37 PM | Svelte
45 | 08-11-2017 | 08:54:38 PM | Svelte
45 | 08-11-2017 | 08:54:38 PM | Svelte
45 | 08-11-2017 | 08:54:38 PM | Svelte
45 | 08-11-2017 | 08:54:38 PM | Svelte
45 | 08-11-2017 | 08:54:38 PM | Svelte
45 | 08-11-2017 | 08:54:39 PM | Svelte
45 | 08-11-2017 | 08:54:39 PM | Svelte
45 | 08-11-2017 | 08:54:46 PM | Svelte
45 | 08-11-2017 | 08:54:47 PM | Svelte
45 | 08-11-2017 | 08:54:47 PM | Svelte
45 | 08-11-2017 | 08:54:47 PM | Svelte
45 | 10-11-2017 | 08:06:28 PM | Svelte
45 | 10-11-2017 | 08:06:28 PM | Svelte
45 | 10-11-2017 | 08:06:28 PM | Svelte
45 | 10-11-2017 | 08:06:28 PM | Svelte
45 | 10-11-2017 | 08:06:28 PM | Svelte
45 | 10-11-2017 | 08:06:30 PM | Svelte
45 | 10-11-2017 | 08:06:30 PM | Svelte
45 | 10-11-2017 | 08:06:30 PM | Svelte
45 | 10-11-2017 | 08:06:30 PM | Svelte
45 | 10-11-2017 | 08:06:31 PM | Svelte
45 | 10-11-2017 | 08:06:52 PM | Svelte
45 | 10-11-2017 | 08:06:52 PM | Svelte
45 | 10-11-2017 | 08:06:52 PM | Svelte
45 | 10-11-2017 | 08:06:52 PM | Svelte
45 | 10-11-2017 | 08:06:53 PM | Svelte
45 | 10-11-2017 | 08:06:54 PM | Svelte
45 | 10-11-2017 | 08:06:54 PM | Svelte
45 | 10-11-2017 | 09:09:15 PM | python
45 | 10-11-2017 | 09:51:12 PM | python
